Source,Target,Type,Weight
AlexanderAdhiKurniawan,BaskoroBudhiDaramawan,Undirected,1
JamalElTripot,DyahArumRetnowati,Undirected,1
LoubnaDzakiahHarabap,SriQadariatin,Undirected,1
EarlyFebriana,JamalElTriepot,Undirected,1
ArieDyanto,ErythrinaBaskoro,Undirected,1
Serafin,YudiTajudin,Undirected,2
Serafin,SriQadariatin,Undirected,2
Dhani,GunawanMaryanto,Undirected,1
ErythrinaBaskoro,FozanSanta,Undirected,1
RetnoRatihDamayanti,Eko,Undirected,1
PuntoWibisono,HeddyPrasetyo,Undirected,1
RukmanRosadiSSn.,SriQadariatin,Undirected,1
PuntoWibisono,NurulHadi,Undirected,1
JoaquinAlvaresQuintera,GunawanMaryanto,Undirected,1
Imang,Baba,Undirected,1
JamalElTripot,FirmanSitoempul,Undirected,1
Ikrar,DewiMauludiahSari,Undirected,1
Suhardani,AriPunk,Undirected,1
SamuelIndratma,BambangTokoWitjaksono,Undirected,2
YudiTajudin,A.Y.Maharshi,Undirected,1
FirmanSitoempul,DyahArumRetnowati,Undirected,1
Lakonde,VidaLM,Undirected,1
GoethengIkuAhkin,RukmanRosadiSSn.,Undirected,1
BernadetaVerryHandayani,RiskySummerbee,Undirected,2
DavidCampton,SriQadariatin,Undirected,2
AriPunk,GoethengIkuAhkin,Undirected,1
AndreNurLatif,RatnaMufida,Undirected,1
JamesSaunders,AndreNurLatif,Undirected,1
BernadetaVerryHandayani,Sugiarto,Undirected,1
KusworoBayuAji,A.Y.Maharshi,Undirected,1
ArieDyanto,LoubnaDzakiahHarabap,Undirected,1
Sudi,Dhani,Undirected,1
JamalElTripot,Suhardani,Undirected,1
AgungCiptadi,Bambang,Undirected,1
SapardiJokoDamono,SriQadariatin,Undirected,1
RukmanRosadiSSn.,AdiMarsono,Undirected,1
YudiTajudin,GunturSuatmaji,Undirected,1
GoethengIkuAhkin,LoubnaDzakiahHarabap,Undirected,1
AgungCiptadi,Sugiarto,Undirected,1
BambangTokoWitjaksono,Juliandi,Undirected,1
KusworoBayuAji,HeddyPrasetyo,Undirected,1
GunawanMaryanto,PurnawanAndra,Undirected,1
VidaLM,AdiMarsono,Undirected,1
SuyatnaAnirun,Roselinawati,Undirected,1
KusworoBayuAji,AbrahamSukarnoPoespo,Undirected,1
SriQadariatin,Roselinawati,Undirected,1
EarlyFebriana,AndreNurLatif,Undirected,2
Sudi,UungA'ong,Undirected,1
SriQadariatin,TriYogaYudaAsmara,Undirected,1
SamuelIndratma,DyahArumRetnowati,Undirected,2
ErythrinaBaskoro,HeruPielS.,Undirected,1
Suhardani,Lakonde,Undirected,1
MitaNoormasari,Imang,Undirected,1
PopokTriWahyudi,Ikrar,Undirected,1
SriQadariatin,YudiTajudin,Undirected,5
NurlitaTutiPuspandria,NurulHadi,Undirected,1
BaskoroBudhiDaramawan,EarlyFebriana,Undirected,1
JamesSaunders,Roselinawati,Undirected,1
RiskySummerbee,ErythrinaBaskoro,Undirected,1
ErythrinaBaskoro,KusworoBayuAji,Undirected,2
BernadetaVerryHandayani,GoethengIkuAhkin,Undirected,1
AdiMarsono,DewiMauludiahSari,Undirected,1
TriSugiharto,FedericoGarciaLorca,Undirected,1
Roselinawati,PrimaHermawati,Undirected,1
JoaquinAlvaresQuintera,DavidCampton,Undirected,1
Imron,Sugeng,Undirected,1
GunawanMaryanto,Suryandi,Undirected,1
DirmawanHatta,PrimaHermawati,Undirected,1
MitaNoormasari,Bambang,Undirected,1
RetnoRatihDamayanti,NurulHadi,Undirected,2
SapardiJokoDamono,EarlyFebriana,Undirected,1
Nanang,DirmawanHatta,Undirected,1
WindiKurniawan,AriPunk,Undirected,1
GunawanMaryanto,Ikrar,Undirected,1
AlexanderAdhiKurniawan,AndreNurLatif,Undirected,1
LaurenBain,SriQadariatin,Undirected,1
AndreNurLatif,PurnawanAndra,Undirected,1
FirmanSitoempul,Lakonde,Undirected,1
LoubnaDzakiahHarabap,MsFauzi,Undirected,1
Ikrar,VidaLM,Undirected,1
JamaluddinLatif,JohnBowen,Undirected,1
Eko,Sugeng,Undirected,1
BernadetaVerryHandayani,AndreNurLatif,Undirected,1
ArieDyanto,JamalElTripot,Undirected,1
ErythrinaBaskoro,Bambang,Undirected,1
EarlyFebriana,NurulHadi,Undirected,2
ErythrinaBaskoro,DewiMauludiahSari,Undirected,2
AgungCiptadi,HeruPielS.,Undirected,1
YudiTajudin,RiskySummerbee,Undirected,2
JohnBowen,JoaquinAlvaresQuintero,Undirected,1
KartikaSanti,FozanSanta,Undirected,1
Bungsu,AlexanderAdhiKurniawan,Undirected,1
YudiTajudin,PrimaHermawati,Undirected,1
Serafin,JamesSaunders,Undirected,1
BaskoroBudhiDaramawan,UungA'ong,Undirected,1
FayM.Faizin,LoubnaDzakiahHarabap,Undirected,1
Bungsu,SandiEkayuda,Undirected,1
Lakonde,DewiMauludiahSari,Undirected,1
NurlitaTutiPuspandria,FedericoGarciaLorca,Undirected,1
YudiTajudin,PurnawanAndra,Undirected,1
SandiEkayuda,GunawanMaryanto,Undirected,1
Suryandi,TriSugiharto,Undirected,1
RetnoRatihDamayanti,Black,Undirected,1
Sugeng,Bambang,Undirected,1
SandiEkayuda,ApriliaYohana,Undirected,1
BaskoroBudhiDaramawan,ApriliaYohana,Undirected,1
Sudi,AlexanderAdhiKurniawan,Undirected,1
Kristiawan,Sugeng,Undirected,1
RetnoRatihDamayanti,Imron,Undirected,1
GunawanMaryanto,KartikaSanti,Undirected,1
ErythrinaBaskoro,NurlitaTutiPuspandria,Undirected,1
RukmanRosadiSSn.,DewiMauludiahSari,Undirected,1
Dhani,Kristiawan,Undirected,1
RiniTitiYuliati,HeruPielS.,Undirected,1
Dhani,Ninok,Undirected,1
BaskoroBudhiDaramawan,KusworoBayuAji,Undirected,1
FirmanSitoempul,Suryandi,Undirected,1
DewiMauludiahSari,RatnaMufida,Undirected,1
FirmanSitoempul,FayM.Faizin,Undirected,1
Juliandi,WindiKurniawan,Undirected,1
RatnaMufida,AbrahamSukarnoPoespo,Undirected,1
BaskoroBudhiDaramawan,Roselinawati,Undirected,1
AYunanMaharshi,JamalElTriepot,Undirected,1
NurulHadi,PrimaHermawati,Undirected,1
BernadetaVerryHandayani,KartikaSanti,Undirected,1
DavidCampton,KusworoBayuAji,Undirected,1
GoethengIkuAhkin,SriQadariatin,Undirected,1
Jamal,EarlyFebriana,Undirected,1
ErythrinaBaskoro,Imron,Undirected,1
YudiTajudin,Imang,Undirected,1
GunawanMaryanto,JamalElTripot,Undirected,2
SapardiJokoDamono,LandungSimatupang,Undirected,1
AgungBungsu,FirmanSitoempul,Undirected,1
YudiTajudin,Kristiawan,Undirected,1
AgungBungsu,RukmanRosadiSSn.,Undirected,1
ErythrinaBaskoro,KartikaSanti,Undirected,1
Dhani,DirmawanHatta,Undirected,1
ErythrinaBaskoro,TriYogaYudaAsmara,Undirected,1
JoaquinAlvaresQuintera,NurlitaTutiPuspandria,Undirected,1
JamesSaunders,EarlyFebriana,Undirected,1
MitaNoormasari,Kristiawan,Undirected,1
DavidCampton,GunawanMaryanto,Undirected,2
EarlyFebriana,HeddyPrasetyo,Undirected,1
JohnBowen,Shinta,Undirected,1
AgungBungsu,DewiMauludiahSari,Undirected,1
NurulHadi,Sugiarto,Undirected,2
SapardiJokoDamono,Shinta,Undirected,1
SamuelIndratma,SriQadariatin,Undirected,2
Serafin,JoaquinAlvaresQuintero,Undirected,1
SamuelIndratma,ErythrinaBaskoro,Undirected,2
Serafin,JoaquinAlvaresQuintera,Undirected,1
BernadetaVerryHandayani,IwanRS,Undirected,1
BernadetaVerryHandayani,DirmawanHatta,Undirected,1
KusworoBayuAji,AgungCiptadi,Undirected,1
BernadetaVerryHandayani,Lakonde,Undirected,1
AYunanMaharshi,PuntoWibisono,Undirected,1
Juliandi,MsFauzi,Undirected,1
Serafin,SapardiJokoDamono,Undirected,1
Suhardani,LoubnaDzakiahHarabap,Undirected,1
LoubnaDzakiahHarabap,IwanRS,Undirected,1
Lakonde,RukmanRosadiSSn.,Undirected,1
WindiKurniawan,FozanSanta,Undirected,1
ErythrinaBaskoro,NaomiSrikandi,Undirected,1
SamuelIndratma,AdiMarsono,Undirected,2
AgungBungsu,FozanSanta,Undirected,1
GunawanMaryanto,FirmanSitoempul,Undirected,1
WhaniDarmawan,ErythrinaBaskoro,Undirected,1
Baba,Sugeng,Undirected,1
SandiEkayuda,Sudi,Undirected,1
Dhani,AndreNurLatif,Undirected,1
FirmanSitoempul,LoubnaDzakiahHarabap,Undirected,1
Sudi,Roselinawati,Undirected,2
GunawanMaryanto,AbrahamSukarnoPoespo,Undirected,1
Serafin,LandungSimatupang,Undirected,1
RetnoRatihDamayanti,HeruPielS.,Undirected,1
BernadetaVerryHandayani,WindiKurniawan,Undirected,1
Serafin,KusworoBayuAji,Undirected,1
HeddyPrasetyo,RatnaMufida,Undirected,1
RetnoRatihDamayanti,AriPunk,Undirected,1
BernadetaVerryHandayani,MitaNoormasari,Undirected,1
EarlyFebriana,UungA'ong,Undirected,1
DirmawanHatta,NurulHadi,Undirected,1
GunawanMaryanto,MsFauzi,Undirected,1
WiwinBudiyanti,Bambang,Undirected,1
Serafin,Sudi,Undirected,1
KusworoBayuAji,ApriliaYohana,Undirected,1
JamalElTriepot,RatnaMufida,Undirected,1
YudiTajudin,WiwinBudiyanti,Undirected,1
JohnBowen,SriQadariatin,Undirected,2
BernadetaVerryHandayani,FozanSanta,Undirected,1
JoaquinAlvaresQuintera,JohnBowen,Undirected,1
GoethengIkuAhkin,KartikaSanti,Undirected,1
JoaquinAlvaresQuintera,LandungSimatupang,Undirected,1
DavidCampton,Roselinawati,Undirected,1
DirmawanHatta,PuntoWibisono,Undirected,1
SandiEkayuda,AlexanderAdhiKurniawan,Undirected,1
TriSugiharto,TriYogaYudaAsmara,Undirected,1
RiniTitiYuliati,Bambang,Undirected,1
IwanRS,DewiMauludiahSari,Undirected,1
BaskoroBudhiDaramawan,NurulHadi,Undirected,1
AgungBungsu,Black,Undirected,1
NurulHadi,LandungSimatupang,Undirected,1
Serafin,NurulHadi,Undirected,1
BernadetaVerryHandayani,Bungsu,Undirected,1
TeguhEswe,JamaluddinLatif,Undirected,1
DyahArumRetnowati,MsFauzi,Undirected,1
Bungsu,GunawanMaryanto,Undirected,1
GunawanMaryanto,AdiMarsono,Undirected,2
Eko,Ninok,Undirected,1
Juliandi,DewiMauludiahSari,Undirected,1
FirmanSitoempul,AriPunk,Undirected,1
WiwinBudiyanti,Dhani,Undirected,1
YudiTajudin,HeddyPrasetyo,Undirected,1
AndreNurLatif,AbrahamSukarnoPoespo,Undirected,1
FayM.Faizin,NaomiSrikandi,Undirected,1
AgungBungsu,KartikaSanti,Undirected,1
Ikrar,RiskySummerbee,Undirected,1
Rosselinawati,DavidCampton,Undirected,1
FayM.Faizin,TriSugiharto,Undirected,1
Rosselinawati,JoaquinAlvaresQuintero,Undirected,1
KusworoBayuAji,Dhani,Undirected,2
OdeTyas,BaskoroBudhiDaramawan,Undirected,1
AriPunk,FayM.Faizin,Undirected,1
Dhani,NurlitaTutiPuspandriaSyalala,Undirected,1
DyahArumRetnowati,TriSugiharto,Undirected,1
VidaLM,NaomiSrikandi,Undirected,1
BernadetaVerryHandayani,EarlyFebriana,Undirected,1
LandungSimatupang,YudiTajudin,Undirected,2
Suryandi,FayM.Faizin,Undirected,1
ArieDyanto,MsFauzi,Undirected,1
BernadetaVerryHandayani,FirmanSitoempul,Undirected,1
PopokTriWahyudi,FayM.Faizin,Undirected,1
GunawanMaryanto,FozanSanta,Undirected,1
OdeTyas,AlexanderAdhiKurniawan,Undirected,1
Imang,Bambang,Undirected,1
Imron,Bambang,Undirected,1
Nanang,PurnawanAndra,Undirected,1
GunturSuatmaji,ErythrinaBaskoro,Undirected,1
Juliandi,LoubnaDzakiahHarabap,Undirected,1
Suryandi,AdiMarsono,Undirected,1
AlexanderAdhiKurniawan,ApriliaYohana,Undirected,1
ArieDyanto,Suhardani,Undirected,1
AYunanMaharshi,AbrahamSukarnoPoespo,Undirected,1
RetnoRatihDamayanti,LoubnaDzakiahHarabap,Undirected,1
JohnBowen,Roselinawati,Undirected,1
Suryandi,MsFauzi,Undirected,1
Sudi,KusworoBayuAji,Undirected,2
IwanRS,SriQadariatin,Undirected,1
GunturSuatmaji,Bambang,Undirected,1
OdeTyas,NurlitaTutiPuspandriaSyalala,Undirected,1
ArieDyanto,AdiMarsono,Undirected,1
BernadetaVerryHandayani,Kristiawan,Undirected,1
YudiTajudin,Eko,Undirected,1
SandiEkayuda,KusworoBayuAji,Undirected,1
FayM.Faizin,MsFauzi,Undirected,1
Sudi,GunawanMaryanto,Undirected,2
Lakonde,LoubnaDzakiahHarabap,Undirected,1
YudiTajudin,RatnaMufida,Undirected,2
Baba,HeruPielS.,Undirected,1
BambangTokoWitjaksono,RukmanRosadiSSn.,Undirected,1
YudiTajudin,PuntoWibisono,Undirected,1
DyahArumRetnowati,KartikaSanti,Undirected,1
YudiTajudin,NurlitaTutiPuspandriaSyalala,Undirected,1
HeddyPrasetyo,AbrahamSukarnoPoespo,Undirected,1
BernadetaVerryHandayani,FedericoGarciaLorca,Undirected,1
AndreNurLatif,PrimaHermawati,Undirected,1
RiniTitiYuliati,KusworoBayuAji,Undirected,1
Black,NaomiSrikandi,Undirected,1
PuntoWibisono,NurlitaTutiPuspandriaSyalala,Undirected,1
ErythrinaBaskoro,RatnaMufida,Undirected,1
RetnoRatihDamayanti,Suryandi,Undirected,1
BernadetaVerryHandayani,WiwinBudiyanti,Undirected,1
TeguhEswe,DavidCampton,Undirected,1
DirmawanHatta,AYunanMaharshi,Undirected,1
YudiTajudin,JoaquinAlvaresQuintero,Undirected,1
PopokTriWahyudi,AgungBungsu,Undirected,1
GunturSuatmaji,WiwinBudiyanti,Undirected,1
AgungCiptadi,Imang,Undirected,1
DirmawanHatta,Roselinawati,Undirected,1
ArieDyanto,RiskySummerbee,Undirected,1
PopokTriWahyudi,GoethengIkuAhkin,Undirected,1
FirmanSitoempul,Black,Undirected,1
GoethengIkuAhkin,NaomiSrikandi,Undirected,1
AriPunk,LoubnaDzakiahHarabap,Undirected,1
PopokTriWahyudi,GunawanMaryanto,Undirected,1
GunawanMaryanto,WindiKurniawan,Undirected,1
Bungsu,PuntoWibisono,Undirected,1
ArieDyanto,Lakonde,Undirected,1
KartikaSanti,AdiMarsono,Undirected,1
YudiTajudin,Rosselinawati,Undirected,1
OdeTyas,EarlyFebriana,Undirected,1
AndreNurLatif,JamalElTriepot,Undirected,1
WindiKurniawan,NaomiSrikandi,Undirected,1
RetnoRatihDamayanti,JamalElTripot,Undirected,1
PopokTriWahyudi,Suryandi,Undirected,1
KusworoBayuAji,MitaNoormasari,Undirected,1
AgungSaptonoWibowo,TriYogaYudaAsmara,Undirected,1
YudiTajudin,RiniTitiYuliati,Undirected,1
SapardiJokoDamono,GunawanMaryanto,Undirected,1
Jamal,Shinta,Undirected,1
Kristiawan,Sugiarto,Undirected,1
SriQadariatin,NurulHadi,Undirected,1
WindiKurniawan,LoubnaDzakiahHarabap,Undirected,1
Suhardani,FayM.Faizin,Undirected,1
RetnoRatihDamayanti,AlexanderAdhiKurniawan,Undirected,1
BernadetaVerryHandayani,Eko,Undirected,1
SuyatnaAnirun,YudiTajudin,Undirected,1
GunturSuatmaji,Kristiawan,Undirected,1
YudiTajudin,EarlyFebriana,Undirected,2
YudiTajudin,BambangTokoWitjaksono,Undirected,1
FayM.Faizin,IwanRS,Undirected,1
BernadetaVerryHandayani,PopokTriWahyudi,Undirected,1
RiskySummerbee,NaomiSrikandi,Undirected,1
BernadetaVerryHandayani,Juliandi,Undirected,1
AgungBungsu,IwanRS,Undirected,1
SriQadariatin,JoaquinAlvaresQuintero,Undirected,1
DyahArumRetnowati,SriQadariatin,Undirected,1
RetnoRatihDamayanti,Ninok,Undirected,1
RetnoRatihDamayanti,TeguhEswe,Undirected,1
RetnoRatihDamayanti,OdeTyas,Undirected,1
GunturSuatmaji,RiniTitiYuliati,Undirected,1
SriQadariatin,Shinta,Undirected,1
Kristiawan,Baba,Undirected,1
AndreNurLatif,NurulHadi,Undirected,2
KusworoBayuAji,LandungSimatupang,Undirected,1
RetnoRatihDamayanti,AbrahamSukarnoPoespo,Undirected,1
NurulHadi,Dhani,Undirected,2
SamuelIndratma,VidaLM,Undirected,2
BambangTokoWitjaksono,AgungBungsu,Undirected,1
LandungSimatupang,MuhammadMarzuki,Undirected,1
ErythrinaBaskoro,AgungCiptadi,Undirected,1
BernadetaVerryHandayani,Dhani,Undirected,2
JoaquinAlvaresQuintera,Sugiarto,Undirected,1
SuyatnaAnirun,NurulHadi,Undirected,1
Ikrar,KartikaSanti,Undirected,1
PrimaHermawati,AbrahamSukarnoPoespo,Undirected,1
Bungsu,NurlitaTutiPuspandriaSyalala,Undirected,1
Suhardani,NaomiSrikandi,Undirected,1
Lakonde,TriSugiharto,Undirected,1
GoethengIkuAhkin,TriSugiharto,Undirected,1
GunawanMaryanto,LoubnaDzakiahHarabap,Undirected,1
GunawanMaryanto,NurulHadi,Undirected,2
Sudi,AndreNurLatif,Undirected,2
LandungSimatupang,AndreNurLatif,Undirected,1
Juliandi,GoethengIkuAhkin,Undirected,1
BernadetaVerryHandayani,GunawanMaryanto,Undirected,4
SandiEkayuda,JamalElTriepot,Undirected,1
ApriliaYohana,AbrahamSukarnoPoespo,Undirected,1
WindiKurniawan,MsFauzi,Undirected,1
Dhani,Sugiarto,Undirected,1
YudiTajudin,KusworoBayuAji,Undirected,4
TriYogaYudaAsmara,YudiTajudin,Undirected,1
BernadetaVerryHandayani,AgungBungsu,Undirected,1
AgungSaptonoWibowo,YudiTajudin,Undirected,1
ErythrinaBaskoro,TriSugiharto,Undirected,2
NurulHadi,Imron,Undirected,1
EarlyFebriana,A.Y.Maharshi,Undirected,1
Serafin,AndreNurLatif,Undirected,1
JamalElTripot,FayM.Faizin,Undirected,1
PopokTriWahyudi,ErythrinaBaskoro,Undirected,1
AgungBungsu,NaomiSrikandi,Undirected,1
VidaLM,LoubnaDzakiahHarabap,Undirected,1
RetnoRatihDamayanti,Baba,Undirected,1
BaskoroBudhiDaramawan,PurnawanAndra,Undirected,1
Black,AdiMarsono,Undirected,1
Baba,Sugiarto,Undirected,1
Dhani,OdeTyas,Undirected,1
Imron,HeruPielS.,Undirected,1
SuyatnaAnirun,KusworoBayuAji,Undirected,1
GunawanMaryanto,Sugiarto,Undirected,1
LoubnaDzakiahHarabap,KartikaSanti,Undirected,1
GunawanMaryanto,DewiMauludiahSari,Undirected,2
DavidCampton,NurlitaTutiPuspandria,Undirected,2
Dhani,PrimaHermawati,Undirected,1
RukmanRosadiSSn.,TriSugiharto,Undirected,1
RetnoRatihDamayanti,JohnBowen,Undirected,1
JamaluddinLatif,AgungSaptonoWibowo,Undirected,1
WiwinBudiyanti,HeruPielS.,Undirected,1
NurulHadi,Baba,Undirected,1
AgungBungsu,Ikrar,Undirected,1
SamuelIndratma,JamalElTripot,Undirected,2
GunawanMaryanto,EarlyFebriana,Undirected,2
JamaluddinLatif,JoaquinAlvaresQuintero,Undirected,1
JamalElTripot,FozanSanta,Undirected,1
UungA'ong,HeddyPrasetyo,Undirected,1
BernadetaVerryHandayani,FayM.Faizin,Undirected,1
Serafin,GunawanMaryanto,Undirected,2
NaomiSrikandi,IwanRS,Undirected,1
YudiTajudin,BernadetaVerryHandayani,Undirected,5
DewiMauludiahSari,AgungSaptonoWibowo,Undirected,1
OdeTyas,HeddyPrasetyo,Undirected,1
RetnoRatihDamayanti,NurlitaTutiPuspandriaSyalala,Undirected,1
KusworoBayuAji,Sugeng,Undirected,1
OdeTyas,ApriliaYohana,Undirected,1
AndreNurLatif,NurlitaTutiPuspandriaSyalala,Undirected,1
PopokTriWahyudi,RiskySummerbee,Undirected,1
DyahArumRetnowati,IwanRS,Undirected,1
SimonBeckett,JompetKuswidananto,Undirected,1
PurnawanAndra,JamalElTriepot,Undirected,1
Suhardani,MsFauzi,Undirected,1
JamesSaunders,YudiTajudin,Undirected,1
Black,VidaLM,Undirected,1
Bungsu,KusworoBayuAji,Undirected,1
GunawanMaryanto,SriQadariatin,Undirected,5
Juliandi,Suryandi,Undirected,1
A.Y.Maharshi,AndreNurLatif,Undirected,1
ArieDyanto,AriPunk,Undirected,1
BernadetaVerryHandayani,Sudi,Undirected,1
DirmawanHatta,NurlitaTutiPuspandriaSyalala,Undirected,1
Ikrar,AdiMarsono,Undirected,1
RiniTitiYuliati,Dhani,Undirected,1
BernadetaVerryHandayani,ApriliaYohana,Undirected,1
DyahArumRetnowati,FayM.Faizin,Undirected,1
PopokTriWahyudi,KartikaSanti,Undirected,1
BernadetaVerryHandayani,HeddyPrasetyo,Undirected,1
JamalElTripot,LoubnaDzakiahHarabap,Undirected,1
GoethengIkuAhkin,AdiMarsono,Undirected,1
WindiKurniawan,Black,Undirected,1
FirmanSitoempul,Suhardani,Undirected,1
YudiTajudin,Nanang,Undirected,1
YudiTajudin,RetnoRatihDamayanti,Undirected,4
RiskySummerbee,IwanRS,Undirected,1
Juliandi,Suhardani,Undirected,1
Roselinawati,HeddyPrasetyo,Undirected,1
ErythrinaBaskoro,JompetKuswidananto,Undirected,1
BaskoroBudhiDaramawan,PrimaHermawati,Undirected,1
SamuelIndratma,Suryandi,Undirected,2
RatnaMufida,FedericoGarciaLorca,Undirected,1
AriPunk,IwanRS,Undirected,1
Serafin,Sugiarto,Undirected,1
JamaluddinLatif,DewiMauludiahSari,Undirected,1
JamalElTripot,Ikrar,Undirected,1
Sugiarto,AndreNurLatif,Undirected,1
NurlitaTutiPuspandria,LandungSimatupang,Undirected,1
Nanang,EarlyFebriana,Undirected,1
Juliandi,AriPunk,Undirected,1
Suryandi,KartikaSanti,Undirected,1
Sudi,EarlyFebriana,Undirected,2
JamaluddinLatif,TriSugiharto,Undirected,1
GunawanMaryanto,Shinta,Undirected,1
KusworoBayuAji,TriYogaYudaAsmara,Undirected,1
JoaquinAlvaresQuintera,SuyatnaAnirun,Undirected,1
YudiTajudin,ApriliaYohana,Undirected,1
RetnoRatihDamayanti,UungA'ong,Undirected,1
AgungBungsu,LoubnaDzakiahHarabap,Undirected,1
JamaluddinLatif,RatnaMufida,Undirected,1
SandiEkayuda,Dhani,Undirected,1
WiwinBudiyanti,MitaNoormasari,Undirected,1
Dhani,JamalElTriepot,Undirected,1
RiniTitiYuliati,Imron,Undirected,1
SuyatnaAnirun,A.Y.Maharshi,Undirected,1
Ikrar,FozanSanta,Undirected,1
BambangTokoWitjaksono,AriPunk,Undirected,1
BambangTokoWitjaksono,SriQadariatin,Undirected,1
FirmanSitoempul,IwanRS,Undirected,1
RetnoRatihDamayanti,AgungBungsu,Undirected,1
ErythrinaBaskoro,Kristiawan,Undirected,1
ArieDyanto,NaomiSrikandi,Undirected,1
SamuelIndratma,ArieDyanto,Undirected,2
SandiEkayuda,NurulHadi,Undirected,1
SandiEkayuda,EarlyFebriana,Undirected,1
RetnoRatihDamayanti,RiniTitiYuliati,Undirected,1
VidaLM,RukmanRosadiSSn.,Undirected,1
Imron,Sugiarto,Undirected,1
RukmanRosadiSSn.,KartikaSanti,Undirected,1
PopokTriWahyudi,NaomiSrikandi,Undirected,1
KusworoBayuAji,Shinta,Undirected,1
YudiTajudin,JamalElTriepot,Undirected,1
BernadetaVerryHandayani,TriSugiharto,Undirected,2
LoubnaDzakiahHarabap,DewiMauludiahSari,Undirected,1
RiskySummerbee,MsFauzi,Undirected,1
YudiTajudin,AndreNurLatif,Undirected,2
YudiTajudin,WindiKurniawan,Undirected,1
SandiEkayuda,UungA'ong,Undirected,1
RetnoRatihDamayanti,PurnawanAndra,Undirected,1
Eko,Bambang,Undirected,1
ErythrinaBaskoro,FedericoGarciaLorca,Undirected,1
AdiMarsono,DavidCampton,Undirected,1
GunawanMaryanto,JoaquinAlvaresQuintero,Undirected,1
FozanSanta,IwanRS,Undirected,1
Bungsu,JamalElTriepot,Undirected,1
RetnoRatihDamayanti,MsFauzi,Undirected,1
Lakonde,DyahArumRetnowati,Undirected,1
Jamal,KusworoBayuAji,Undirected,1
Nanang,KusworoBayuAji,Undirected,1
Dhani,AYunanMaharshi,Undirected,1
Suryandi,WindiKurniawan,Undirected,1
GunturSuatmaji,MitaNoormasari,Undirected,1
SapardiJokoDamono,Sugiarto,Undirected,1
RetnoRatihDamayanti,GoethengIkuAhkin,Undirected,1
UungA'ong,NurlitaTutiPuspandriaSyalala,Undirected,1
EarlyFebriana,PuntoWibisono,Undirected,1
JamalElTripot,AgungBungsu,Undirected,1
SamuelIndratma,PopokTriWahyudi,Undirected,2
JamaluddinLatif,BernadetaVerryHandayani,Undirected,1
Jamal,YudiTajudin,Undirected,1
NurulHadi,RatnaMufida,Undirected,1
SuyatnaAnirun,GunawanMaryanto,Undirected,1
WindiKurniawan,IwanRS,Undirected,1
AdiMarsono,JamaluddinLatif,Undirected,1
SandiEkayuda,PuntoWibisono,Undirected,1
Suhardani,WindiKurniawan,Undirected,1
VidaLM,FozanSanta,Undirected,1
NurulHadi,MitaNoormasari,Undirected,1
Ikrar,Suryandi,Undirected,1
Black,TriSugiharto,Undirected,1
GunturSuatmaji,HeruPielS.,Undirected,1
BernadetaVerryHandayani,BahrulUlum,Undirected,1
BernadetaVerryHandayani,DewiMauludiahSari,Undirected,2
YudiTajudin,VidaLM,Undirected,1
Sudi,AbrahamSukarnoPoespo,Undirected,1
Sugiarto,A.Y.Maharshi,Undirected,1
DirmawanHatta,BaskoroBudhiDaramawan,Undirected,1
PopokTriWahyudi,MsFauzi,Undirected,1
SandiEkayuda,RatnaMufida,Undirected,1
YudiTajudin,Black,Undirected,1
WindiKurniawan,VidaLM,Undirected,1
JohnBowen,NurlitaTutiPuspandria,Undirected,2
TriSugiharto,FozanSanta,Undirected,1
Imron,Ninok,Undirected,1
BahrulUlum,Sunaryo,Undirected,1
FirmanSitoempul,TriSugiharto,Undirected,1
YudiTajudin,FayM.Faizin,Undirected,1
PuntoWibisono,AbrahamSukarnoPoespo,Undirected,1
GunawanMaryanto,NaomiSrikandi,Undirected,1
YudiTajudin,Imron,Undirected,1
Nanang,AlexanderAdhiKurniawan,Undirected,1
PurnawanAndra,HeddyPrasetyo,Undirected,1
NurulHadi,RiniTitiYuliati,Undirected,1
JamalElTripot,VidaLM,Undirected,1
GunawanMaryanto,LandungSimatupang,Undirected,2
AgungBungsu,FayM.Faizin,Undirected,1
BaskoroBudhiDaramawan,JamalElTriepot,Undirected,1
RetnoRatihDamayanti,Sudi,Undirected,1
YudiTajudin,Suryandi,Undirected,1
AlexanderAdhiKurniawan,UungA'ong,Undirected,1
Suhardani,RukmanRosadiSSn.,Undirected,1
DavidCampton,Sugiarto,Undirected,1
LaurenBain,Sunaryo,Undirected,1
RetnoRatihDamayanti,GunawanMaryanto,Undirected,3
JamesSaunders,DavidCampton,Undirected,1
AndreNurLatif,AYunanMaharshi,Undirected,1
DavidCampton,EarlyFebriana,Undirected,1
NurulHadi,Eko,Undirected,1
MitaNoormasari,Ninok,Undirected,1
RetnoRatihDamayanti,Serafin,Undirected,1
NurulHadi,JamalElTriepot,Undirected,1
YudiTajudin,ArieDyanto,Undirected,1
YudiTajudin,RukmanRosadiSSn.,Undirected,1
RetnoRatihDamayanti,PopokTriWahyudi,Undirected,1
Roselinawati,LandungSimatupang,Undirected,1
DewiMauludiahSari,SriQadariatin,Undirected,2
Suhardani,FozanSanta,Undirected,1
RukmanRosadiSSn.,LoubnaDzakiahHarabap,Undirected,1
Juliandi,ErythrinaBaskoro,Undirected,1
Nanang,PrimaHermawati,Undirected,1
Suhardani,Black,Undirected,1
YudiTajudin,SimonBeckett,Undirected,1
PopokTriWahyudi,SriQadariatin,Undirected,1
SandiEkayuda,PurnawanAndra,Undirected,1
BernadetaVerryHandayani,ArieDyanto,Undirected,1
RukmanRosadiSSn.,FozanSanta,Undirected,1
SuyatnaAnirun,SriQadariatin,Undirected,1
SamuelIndratma,LoubnaDzakiahHarabap,Undirected,2
Black,KartikaSanti,Undirected,1
ArieDyanto,TriSugiharto,Undirected,1
JohnBowen,KusworoBayuAji,Undirected,1
RiskySummerbee,TriSugiharto,Undirected,1
Suryandi,LoubnaDzakiahHarabap,Undirected,1
Ikrar,NaomiSrikandi,Undirected,1
Rosselinawati,JohnBowen,Undirected,1
AgungBungsu,TriSugiharto,Undirected,1
SapardiJokoDamono,YudiTajudin,Undirected,1
DirmawanHatta,AlexanderAdhiKurniawan,Undirected,1
Suryandi,ErythrinaBaskoro,Undirected,1
SriQadariatin,Sunaryo,Undirected,1
ArieDyanto,Ikrar,Undirected,1
Bungsu,ApriliaYohana,Undirected,1
AriPunk,FozanSanta,Undirected,1
GoethengIkuAhkin,IwanRS,Undirected,1
AriPunk,ErythrinaBaskoro,Undirected,1
RiskySummerbee,LoubnaDzakiahHarabap,Undirected,1
BernadetaVerryHandayani,RiniTitiYuliati,Undirected,1
Suhardani,DyahArumRetnowati,Undirected,1
ArieDyanto,Black,Undirected,1
YudiTajudin,GunawanMaryanto,Undirected,7
YudiTajudin,ErythrinaBaskoro,Undirected,4
RetnoRatihDamayanti,HeddyPrasetyo,Undirected,1
DavidCampton,LandungSimatupang,Undirected,1
NurulHadi,Ninok,Undirected,1
RetnoRatihDamayanti,JoaquinAlvaresQuintero,Undirected,1
HeddyPrasetyo,NurlitaTutiPuspandriaSyalala,Undirected,1
Jamal,Roselinawati,Undirected,1
Dhani,AlexanderAdhiKurniawan,Undirected,1
GunawanMaryanto,PrimaHermawati,Undirected,1
Lakonde,Suryandi,Undirected,1
FedericoGarciaLorca,GunawanMaryanto,Undirected,1
SapardiJokoDamono,NurlitaTutiPuspandria,Undirected,1
NurlitaTutiPuspandria,AdiMarsono,Undirected,1
Lakonde,KartikaSanti,Undirected,1
JohnBowen,SapardiJokoDamono,Undirected,1
MitaNoormasari,HeruPielS.,Undirected,1
TriSugiharto,IwanRS,Undirected,1
OdeTyas,Roselinawati,Undirected,1
PurnawanAndra,UungA'ong,Undirected,1
BernadetaVerryHandayani,PuntoWibisono,Undirected,1
NurulHadi,Sugeng,Undirected,1
KusworoBayuAji,Imang,Undirected,1
AgungBungsu,GoethengIkuAhkin,Undirected,1
Sudi,DirmawanHatta,Undirected,1
ErythrinaBaskoro,Ninok,Undirected,1
DavidCampton,AndreNurLatif,Undirected,1
KartikaSanti,MsFauzi,Undirected,1
SimonBeckett,ErythrinaBaskoro,Undirected,1
BernadetaVerryHandayani,BaskoroBudhiDaramawan,Undirected,1
RiskySummerbee,AdiMarsono,Undirected,1
RetnoRatihDamayanti,BaskoroBudhiDaramawan,Undirected,1
TeguhEswe,Rosselinawati,Undirected,1
ArieDyanto,SriQadariatin,Undirected,1
JoaquinAlvaresQuintera,Roselinawati,Undirected,1
ApriliaYohana,NurlitaTutiPuspandriaSyalala,Undirected,1
RetnoRatihDamayanti,SamuelIndratma,Undirected,2
JamalElTripot,NaomiSrikandi,Undirected,1
NurlitaTutiPuspandria,A.Y.Maharshi,Undirected,1
YudiTajudin,LoubnaDzakiahHarabap,Undirected,1
Lakonde,RiskySummerbee,Undirected,1
AgungCiptadi,Baba,Undirected,1
KusworoBayuAji,PurnawanAndra,Undirected,1
SapardiJokoDamono,SuyatnaAnirun,Undirected,1
ArieDyanto,AgungBungsu,Undirected,1
Shinta,AndreNurLatif,Undirected,1
AriPunk,NaomiSrikandi,Undirected,1
JamesSaunders,Sudi,Undirected,1
RetnoRatihDamayanti,PuntoWibisono,Undirected,1
JamesSaunders,Shinta,Undirected,1
YudiTajudin,Sugeng,Undirected,1
Ikrar,RukmanRosadiSSn.,Undirected,1
Suhardani,VidaLM,Undirected,1
AlexanderAdhiKurniawan,PrimaHermawati,Undirected,1
SandiEkayuda,Roselinawati,Undirected,1
BambangTokoWitjaksono,KartikaSanti,Undirected,1
Lakonde,GoethengIkuAhkin,Undirected,1
BernadetaVerryHandayani,OdeTyas,Undirected,1
FayM.Faizin,SriQadariatin,Undirected,1
Suryandi,NaomiSrikandi,Undirected,1
Imang,Sugiarto,Undirected,1
JohnBowen,NurulHadi,Undirected,1
GoethengIkuAhkin,FayM.Faizin,Undirected,1
Ikrar,WindiKurniawan,Undirected,1
FirmanSitoempul,RukmanRosadiSSn.,Undirected,1
Jamal,NurulHadi,Undirected,1
Juliandi,KartikaSanti,Undirected,1
Suhardani,SriQadariatin,Undirected,1
FirmanSitoempul,WindiKurniawan,Undirected,1
BambangTokoWitjaksono,LoubnaDzakiahHarabap,Undirected,1
GunawanMaryanto,GepheBayuAji,Undirected,1
PopokTriWahyudi,LoubnaDzakiahHarabap,Undirected,1
JamalElTripot,GoethengIkuAhkin,Undirected,1
ArieDyanto,KartikaSanti,Undirected,1
Suhardani,KartikaSanti,Undirected,1
OdeTyas,PurnawanAndra,Undirected,1
RetnoRatihDamayanti,Rosselinawati,Undirected,1
DyahArumRetnowati,DewiMauludiahSari,Undirected,1
GoethengIkuAhkin,MsFauzi,Undirected,1
EarlyFebriana,KusworoBayuAji,Undirected,2
WiwinBudiyanti,AgungCiptadi,Undirected,1
KusworoBayuAji,Kristiawan,Undirected,1
Roselinawati,NurlitaTutiPuspandriaSyalala,Undirected,1
YudiTajudin,Shinta,Undirected,1
DirmawanHatta,AbrahamSukarnoPoespo,Undirected,1
Ikrar,Suhardani,Undirected,1
YudiTajudin,AdiMarsono,Undirected,2
BernadetaVerryHandayani,SamuelIndratma,Undirected,2
Imang,Sugeng,Undirected,1
RetnoRatihDamayanti,EarlyFebriana,Undirected,1
GunturSuatmaji,Eko,Undirected,1
ErythrinaBaskoro,MuhammadMarzuki,Undirected,1
Serafin,Roselinawati,Undirected,1
JamalElTripot,AriPunk,Undirected,1
BambangTokoWitjaksono,TriSugiharto,Undirected,1
WiwinBudiyanti,Baba,Undirected,1
JamaluddinLatif,DavidCampton,Undirected,1
PopokTriWahyudi,Suhardani,Undirected,1
ArieDyanto,GunawanMaryanto,Undirected,1
YudiTajudin,NaomiSrikandi,Undirected,1
TriSugiharto,SriQadariatin,Undirected,2
PopokTriWahyudi,BambangTokoWitjaksono,Undirected,1
Sudi,AYunanMaharshi,Undirected,1
Bungsu,Nanang,Undirected,1
GoethengIkuAhkin,ErythrinaBaskoro,Undirected,1
GepheBayuAji,Rosselinawati,Undirected,1
YudiTajudin,PopokTriWahyudi,Undirected,1
SamuelIndratma,Ikrar,Undirected,2
WindiKurniawan,KartikaSanti,Undirected,1
Suhardani,ErythrinaBaskoro,Undirected,1
Sugiarto,EarlyFebriana,Undirected,1
Black,MsFauzi,Undirected,1
Bambang,Sugiarto,Undirected,1
Roselinawati,UungA'ong,Undirected,1
AriPunk,DewiMauludiahSari,Undirected,1
BernadetaVerryHandayani,ErythrinaBaskoro,Undirected,3
AlexanderAdhiKurniawan,PurnawanAndra,Undirected,1
JoaquinAlvaresQuintera,SriQadariatin,Undirected,1
Bungsu,Dhani,Undirected,1
JohnBowen,EarlyFebriana,Undirected,1
DyahArumRetnowati,ErythrinaBaskoro,Undirected,1
LoubnaDzakiahHarabap,FozanSanta,Undirected,1
Baba,Ninok,Undirected,1
GunawanMaryanto,AYunanMaharshi,Undirected,1
ArieDyanto,DewiMauludiahSari,Undirected,1
YudiTajudin,FozanSanta,Undirected,1
RetnoRatihDamayanti,Lakonde,Undirected,1
GunturSuatmaji,Dhani,Undirected,1
FirmanSitoempul,DewiMauludiahSari,Undirected,1
GunturSuatmaji,Sugeng,Undirected,1
HeddyPrasetyo,PrimaHermawati,Undirected,1
EarlyFebriana,NurlitaTutiPuspandriaSyalala,Undirected,1
BernadetaVerryHandayani,VidaLM,Undirected,1
AdiMarsono,JohnBowen,Undirected,1
JamaluddinLatif,SriQadariatin,Undirected,2
GunawanMaryanto,JamalElTriepot,Undirected,1
Bungsu,OdeTyas,Undirected,1
NurulHadi,NurlitaTutiPuspandriaSyalala,Undirected,1
Bungsu,HeddyPrasetyo,Undirected,1
YudiTajudin,Ninok,Undirected,1
GunturSuatmaji,BernadetaVerryHandayani,Undirected,1
Lakonde,AdiMarsono,Undirected,1
OdeTyas,GunawanMaryanto,Undirected,1
Sugiarto,LandungSimatupang,Undirected,1
JoaquinAlvaresQuintera,KusworoBayuAji,Undirected,1
BaskoroBudhiDaramawan,AbrahamSukarnoPoespo,Undirected,1
Rosselinawati,AdiMarsono,Undirected,1
BernadetaVerryHandayani,Sunaryo,Undirected,1
BernadetaVerryHandayani,Imang,Undirected,1
Ikrar,FayM.Faizin,Undirected,1
Suryandi,SriQadariatin,Undirected,1
RetnoRatihDamayanti,Nanang,Undirected,1
SamuelIndratma,Suhardani,Undirected,2
Eko,Baba,Undirected,1
JamesSaunders,GunawanMaryanto,Undirected,1
DavidCampton,A.Y.Maharshi,Undirected,1
NurlitaTutiPuspandria,GunawanMaryanto,Undirected,3
GepheBayuAji,NurlitaTutiPuspandria,Undirected,1
BambangTokoWitjaksono,MsFauzi,Undirected,1
YudiTajudin,Sunaryo,Undirected,1
FayM.Faizin,AdiMarsono,Undirected,1
JoaquinAlvaresQuintera,SapardiJokoDamono,Undirected,1
EarlyFebriana,ApriliaYohana,Undirected,1
BambangTokoWitjaksono,JamalElTripot,Undirected,1
Serafin,A.Y.Maharshi,Undirected,1
TeguhEswe,GunawanMaryanto,Undirected,1
JohnBowen,AndreNurLatif,Undirected,1
EarlyFebriana,AYunanMaharshi,Undirected,1
Suryandi,FozanSanta,Undirected,1
JamesSaunders,JohnBowen,Undirected,1
AndreNurLatif,HeddyPrasetyo,Undirected,1
NurulHadi,GunturSuatmaji,Undirected,1
BernadetaVerryHandayani,RatnaMufida,Undirected,2
Nanang,JamalElTriepot,Undirected,1
TriYogaYudaAsmara,FedericoGarciaLorca,Undirected,1
Bungsu,BaskoroBudhiDaramawan,Undirected,1
JamalElTripot,SriQadariatin,Undirected,2
GunawanMaryanto,Suhardani,Undirected,1
HeruPielS.,Bambang,Undirected,1
RetnoRatihDamayanti,AYunanMaharshi,Undirected,1
WindiKurniawan,FayM.Faizin,Undirected,1
Suryandi,RukmanRosadiSSn.,Undirected,1
GunawanMaryanto,Rosselinawati,Undirected,1
Serafin,NurlitaTutiPuspandria,Undirected,2
Dhani,HeruPielS.,Undirected,1
RiskySummerbee,KartikaSanti,Undirected,1
VidaLM,FayM.Faizin,Undirected,1
RetnoRatihDamayanti,NurlitaTutiPuspandria,Undirected,1
Dhani,HeddyPrasetyo,Undirected,1
Black,LoubnaDzakiahHarabap,Undirected,1
AndreNurLatif,UungA'ong,Undirected,1
WindiKurniawan,DyahArumRetnowati,Undirected,1
GepheBayuAji,Serafin,Undirected,1
BernadetaVerryHandayani,AriPunk,Undirected,1
Black,IwanRS,Undirected,1
DirmawanHatta,PurnawanAndra,Undirected,1
Juliandi,Black,Undirected,1
GunawanMaryanto,TriSugiharto,Undirected,2
Dhani,PurnawanAndra,Undirected,1
YudiTajudin,AriPunk,Undirected,1
GunawanMaryanto,ErythrinaBaskoro,Undirected,3
JohnBowen,A.Y.Maharshi,Undirected,1
BambangTokoWitjaksono,Ikrar,Undirected,1
YudiTajudin,WhaniDarmawan,Undirected,1
YudiTajudin,Suhardani,Undirected,1
Sudi,HeddyPrasetyo,Undirected,1
AlexanderAdhiKurniawan,AbrahamSukarnoPoespo,Undirected,1
RetnoRatihDamayanti,Dhani,Undirected,2
NurulHadi,AbrahamSukarnoPoespo,Undirected,1
Sudi,ApriliaYohana,Undirected,1
SuyatnaAnirun,NurlitaTutiPuspandria,Undirected,1
NurulHadi,KusworoBayuAji,Undirected,3
BernadetaVerryHandayani,DyahArumRetnowati,Undirected,1
Roselinawati,NurulHadi,Undirected,2
DavidCampton,SuyatnaAnirun,Undirected,1
SriQadariatin,A.Y.Maharshi,Undirected,1
DyahArumRetnowati,NaomiSrikandi,Undirected,1
NurulHadi,HeddyPrasetyo,Undirected,1
Black,DewiMauludiahSari,Undirected,1
Dhani,ApriliaYohana,Undirected,1
GunturSuatmaji,Imron,Undirected,1
BernadetaVerryHandayani,AYunanMaharshi,Undirected,1
RiskySummerbee,RukmanRosadiSSn.,Undirected,1
RetnoRatihDamayanti,Juliandi,Undirected,1
NurlitaTutiPuspandria,SriQadariatin,Undirected,3
BambangTokoWitjaksono,AdiMarsono,Undirected,1
AgungBungsu,Suryandi,Undirected,1
RetnoRatihDamayanti,ApriliaYohana,Undirected,1
RetnoRatihDamayanti,RatnaMufida,Undirected,1
SandiEkayuda,HeddyPrasetyo,Undirected,1
YudiTajudin,IwanRS,Undirected,1
BaskoroBudhiDaramawan,AndreNurLatif,Undirected,1
ArieDyanto,FozanSanta,Undirected,1
BernadetaVerryHandayani,NurlitaTutiPuspandria,Undirected,1
JamalElTripot,DewiMauludiahSari,Undirected,1
GunturSuatmaji,Baba,Undirected,1
Imang,Imron,Undirected,1
Imron,Baba,Undirected,1
BernadetaVerryHandayani,UungA'ong,Undirected,1
AriPunk,KartikaSanti,Undirected,1
PopokTriWahyudi,AdiMarsono,Undirected,1
Ninok,HeruPielS.,Undirected,1
Suryandi,Black,Undirected,1
Rosselinawati,JamaluddinLatif,Undirected,1
Black,AriPunk,Undirected,1
RetnoRatihDamayanti,DyahArumRetnowati,Undirected,1
NurulHadi,AgungCiptadi,Undirected,1
AgungBungsu,MsFauzi,Undirected,1
Imang,Ninok,Undirected,1
WiwinBudiyanti,RiniTitiYuliati,Undirected,1
GunawanMaryanto,NurlitaTutiPuspandriaSyalala,Undirected,1
RetnoRatihDamayanti,VidaLM,Undirected,1
ArieDyanto,GoethengIkuAhkin,Undirected,1
RetnoRatihDamayanti,AndreNurLatif,Undirected,1
BernadetaVerryHandayani,SandiEkayuda,Undirected,1
NaomiSrikandi,AdiMarsono,Undirected,1
SandiEkayuda,OdeTyas,Undirected,1
BambangTokoWitjaksono,Suhardani,Undirected,1
GunawanMaryanto,Sunaryo,Undirected,1
RetnoRatihDamayanti,Kristiawan,Undirected,1
BambangTokoWitjaksono,FozanSanta,Undirected,1
Nanang,ApriliaYohana,Undirected,1
JamesSaunders,SriQadariatin,Undirected,1
YudiTajudin,DyahArumRetnowati,Undirected,1
RiniTitiYuliati,Baba,Undirected,1
RatnaMufida,TriYogaYudaAsmara,Undirected,1
NurlitaTutiPuspandria,Sudi,Undirected,1
AndreNurLatif,Roselinawati,Undirected,2
Sugiarto,Shinta,Undirected,1
WindiKurniawan,TriSugiharto,Undirected,1
NaomiSrikandi,KartikaSanti,Undirected,1
BaskoroBudhiDaramawan,NurlitaTutiPuspandriaSyalala,Undirected,1
SandiEkayuda,Nanang,Undirected,1
Juliandi,RiskySummerbee,Undirected,1
AlexanderAdhiKurniawan,AYunanMaharshi,Undirected,1
BernadetaVerryHandayani,SriQadariatin,Undirected,3
RetnoRatihDamayanti,Bambang,Undirected,1
Juliandi,TriSugiharto,Undirected,1
RukmanRosadiSSn.,FayM.Faizin,Undirected,1
PuntoWibisono,PrimaHermawati,Undirected,1
AYunanMaharshi,NurulHadi,Undirected,1
AgungBungsu,Juliandi,Undirected,1
FirmanSitoempul,Juliandi,Undirected,1
BernadetaVerryHandayani,NurlitaTutiPuspandriaSyalala,Undirected,1
Juliandi,Lakonde,Undirected,1
GepheBayuAji,AdiMarsono,Undirected,1
ErythrinaBaskoro,Baba,Undirected,1
JamalElTripot,Black,Undirected,1
TeguhEswe,GepheBayuAji,Undirected,1
RiskySummerbee,WindiKurniawan,Undirected,1
Rosselinawati,SriQadariatin,Undirected,1
VidaLM,MsFauzi,Undirected,1
RiskySummerbee,SriQadariatin,Undirected,2
Nanang,Roselinawati,Undirected,1
BernadetaVerryHandayani,Nanang,Undirected,1
SandiEkayuda,AndreNurLatif,Undirected,1
WhaniDarmawan,JompetKuswidananto,Undirected,1
Nanang,HeddyPrasetyo,Undirected,1
WiwinBudiyanti,Imang,Undirected,1
AYunanMaharshi,PurnawanAndra,Undirected,1
Suhardani,IwanRS,Undirected,1
BernadetaVerryHandayani,MsFauzi,Undirected,1
AYunanMaharshi,UungA'ong,Undirected,1
YudiTajudin,NurulHadi,Undirected,3
YudiTajudin,KartikaSanti,Undirected,1
Lakonde,AriPunk,Undirected,1
JamalElTripot,ErythrinaBaskoro,Undirected,1
PurnawanAndra,NurulHadi,Undirected,1
JamalElTripot,Juliandi,Undirected,1
OdeTyas,AndreNurLatif,Undirected,1
KusworoBayuAji,PuntoWibisono,Undirected,1
JoaquinAlvaresQuintera,Shinta,Undirected,1
ArieDyanto,WindiKurniawan,Undirected,1
KartikaSanti,TriSugiharto,Undirected,1
SamuelIndratma,RiskySummerbee,Undirected,2
RiskySummerbee,FayM.Faizin,Undirected,1
BambangTokoWitjaksono,DyahArumRetnowati,Undirected,1
YudiTajudin,JamaluddinLatif,Undirected,2
AriPunk,MsFauzi,Undirected,1
VidaLM,KartikaSanti,Undirected,1
GepheBayuAji,DavidCampton,Undirected,1
Ikrar,LoubnaDzakiahHarabap,Undirected,1
DewiMauludiahSari,MsFauzi,Undirected,1
SapardiJokoDamono,NurulHadi,Undirected,1
JamesSaunders,NurulHadi,Undirected,1
FirmanSitoempul,FozanSanta,Undirected,1
Juliandi,IwanRS,Undirected,1
AYunanMaharshi,RatnaMufida,Undirected,1
BernadetaVerryHandayani,Roselinawati,Undirected,1
KusworoBayuAji,FedericoGarciaLorca,Undirected,1
Suryandi,DyahArumRetnowati,Undirected,1
WindiKurniawan,ErythrinaBaskoro,Undirected,1
FirmanSitoempul,VidaLM,Undirected,1
SimonBeckett,MuhammadMarzuki,Undirected,1
SamuelIndratma,NaomiSrikandi,Undirected,2
LandungSimatupang,JompetKuswidananto,Undirected,1
GunturSuatmaji,AgungCiptadi,Undirected,1
NurlitaTutiPuspandria,KusworoBayuAji,Undirected,2
YudiTajudin,OdeTyas,Undirected,1
Juliandi,RukmanRosadiSSn.,Undirected,1
AYunanMaharshi,PrimaHermawati,Undirected,1
Sudi,BaskoroBudhiDaramawan,Undirected,1
YudiTajudin,TriSugiharto,Undirected,2
DavidCampton,YudiTajudin,Undirected,2
IwanRS,AdiMarsono,Undirected,1
MitaNoormasari,Imron,Undirected,1
AndreNurLatif,KusworoBayuAji,Undirected,2
Shinta,A.Y.Maharshi,Undirected,1
SandiEkayuda,NurlitaTutiPuspandriaSyalala,Undirected,1
SamuelIndratma,RukmanRosadiSSn.,Undirected,2
KusworoBayuAji,AgungSaptonoWibowo,Undirected,1
JamalElTriepot,NurlitaTutiPuspandriaSyalala,Undirected,1
GepheBayuAji,JamaluddinLatif,Undirected,1
Jamal,AndreNurLatif,Undirected,1
BernadetaVerryHandayani,LaurenBain,Undirected,1
SuyatnaAnirun,Sugiarto,Undirected,1
KusworoBayuAji,PrimaHermawati,Undirected,1
Bungsu,PrimaHermawati,Undirected,1
BernadetaVerryHandayani,PrimaHermawati,Undirected,1
SandiEkayuda,BaskoroBudhiDaramawan,Undirected,1
SriQadariatin,LandungSimatupang,Undirected,1
NurlitaTutiPuspandria,Roselinawati,Undirected,1
BahrulUlum,SriQadariatin,Undirected,1
GoethengIkuAhkin,DewiMauludiahSari,Undirected,1
NurlitaTutiPuspandria,TriSugiharto,Undirected,1
KusworoBayuAji,Ninok,Undirected,1
SriQadariatin,FedericoGarciaLorca,Undirected,1
SamuelIndratma,FirmanSitoempul,Undirected,2
FozanSanta,SriQadariatin,Undirected,1
AdiMarsono,Serafin,Undirected,1
PuntoWibisono,UungA'ong,Undirected,1
Dhani,AbrahamSukarnoPoespo,Undirected,1
ErythrinaBaskoro,Imang,Undirected,1
Nanang,AYunanMaharshi,Undirected,1
RetnoRatihDamayanti,Sugeng,Undirected,1
PurnawanAndra,RatnaMufida,Undirected,1
BambangTokoWitjaksono,FirmanSitoempul,Undirected,1
AgungSaptonoWibowo,TriSugiharto,Undirected,1
BahrulUlum,YudiTajudin,Undirected,1
GunawanMaryanto,AriPunk,Undirected,1
Roselinawati,AYunanMaharshi,Undirected,1
BernadetaVerryHandayani,Imron,Undirected,1
GunawanMaryanto,Black,Undirected,1
FirmanSitoempul,Ikrar,Undirected,1
WindiKurniawan,RukmanRosadiSSn.,Undirected,1
TeguhEswe,JoaquinAlvaresQuintero,Undirected,1
Sudi,NurlitaTutiPuspandriaSyalala,Undirected,1
PuntoWibisono,RatnaMufida,Undirected,1
ErythrinaBaskoro,Sugiarto,Undirected,1
SamuelIndratma,MsFauzi,Undirected,2
JohnBowen,SuyatnaAnirun,Undirected,1
DirmawanHatta,UungA'ong,Undirected,1
GunturSuatmaji,Sugiarto,Undirected,1
JamalElTripot,MsFauzi,Undirected,1
Lakonde,FayM.Faizin,Undirected,1
BernadetaVerryHandayani,HeruPielS.,Undirected,1
JamaluddinLatif,FedericoGarciaLorca,Undirected,1
NurlitaTutiPuspandria,EarlyFebriana,Undirected,1
YudiTajudin,AgungCiptadi,Undirected,1
GunawanMaryanto,VidaLM,Undirected,1
BambangTokoWitjaksono,FayM.Faizin,Undirected,1
FirmanSitoempul,RiskySummerbee,Undirected,1
AgungBungsu,Suhardani,Undirected,1
VidaLM,GoethengIkuAhkin,Undirected,1
GunturSuatmaji,KusworoBayuAji,Undirected,1
Ikrar,MsFauzi,Undirected,1
BambangTokoWitjaksono,Lakonde,Undirected,1
Bungsu,PurnawanAndra,Undirected,1
UungA'ong,NurulHadi,Undirected,1
SamuelIndratma,FayM.Faizin,Undirected,2
YudiTajudin,AbrahamSukarnoPoespo,Undirected,1
GunawanMaryanto,AlexanderAdhiKurniawan,Undirected,1
TriSugiharto,MsFauzi,Undirected,1
DirmawanHatta,RatnaMufida,Undirected,1
BernadetaVerryHandayani,BambangTokoWitjaksono,Undirected,1
BaskoroBudhiDaramawan,HeddyPrasetyo,Undirected,1
RiniTitiYuliati,Ninok,Undirected,1
WiwinBudiyanti,KusworoBayuAji,Undirected,1
RatnaMufida,TriSugiharto,Undirected,1
AgungCiptadi,Sugeng,Undirected,1
GunawanMaryanto,LaurenBain,Undirected,1
Lakonde,Black,Undirected,1
WiwinBudiyanti,Sugiarto,Undirected,1
ApriliaYohana,JamalElTriepot,Undirected,1
JamalElTripot,KartikaSanti,Undirected,1
YudiTajudin,MuhammadMarzuki,Undirected,1
Jamal,NurlitaTutiPuspandria,Undirected,1
JoaquinAlvaresQuintera,JamesSaunders,Undirected,1
RiskySummerbee,Sunaryo,Undirected,1
RetnoRatihDamayanti,KartikaSanti,Undirected,1
Lakonde,FozanSanta,Undirected,1
LaurenBain,YudiTajudin,Undirected,1
DavidCampton,Jamal,Undirected,1
KusworoBayuAji,TriSugiharto,Undirected,1
RetnoRatihDamayanti,MitaNoormasari,Undirected,1
JoaquinAlvaresQuintera,A.Y.Maharshi,Undirected,1
JamesSaunders,KusworoBayuAji,Undirected,1
BernadetaVerryHandayani,AgungCiptadi,Undirected,1
JoaquinAlvaresQuintera,YudiTajudin,Undirected,1
AgungCiptadi,Ninok,Undirected,1
YudiTajudin,Baba,Undirected,1
PopokTriWahyudi,Juliandi,Undirected,1
NurulHadi,HeruPielS.,Undirected,1
JamesSaunders,LandungSimatupang,Undirected,1
WiwinBudiyanti,Imron,Undirected,1
RiskySummerbee,DyahArumRetnowati,Undirected,1
TriSugiharto,AdiMarsono,Undirected,1
Dhani,BaskoroBudhiDaramawan,Undirected,1
RiskySummerbee,VidaLM,Undirected,1
UungA'ong,RatnaMufida,Undirected,1
AlexanderAdhiKurniawan,KusworoBayuAji,Undirected,1
AndreNurLatif,PuntoWibisono,Undirected,1
Serafin,Shinta,Undirected,1
AlexanderAdhiKurniawan,EarlyFebriana,Undirected,1
BambangTokoWitjaksono,IwanRS,Undirected,1
PurnawanAndra,NurlitaTutiPuspandriaSyalala,Undirected,1
BernadetaVerryHandayani,Baba,Undirected,1
ArieDyanto,FirmanSitoempul,Undirected,1
Lakonde,IwanRS,Undirected,1
AgungBungsu,AdiMarsono,Undirected,1
VidaLM,IwanRS,Undirected,1
YudiTajudin,HeruPielS.,Undirected,1
BernadetaVerryHandayani,AbrahamSukarnoPoespo,Undirected,1
Nanang,AbrahamSukarnoPoespo,Undirected,1
SamuelIndratma,WindiKurniawan,Undirected,2
TeguhEswe,AdiMarsono,Undirected,1
NurulHadi,WiwinBudiyanti,Undirected,1
RiskySummerbee,AriPunk,Undirected,1
JamalElTripot,Lakonde,Undirected,1
NurulHadi,Bambang,Undirected,1
RetnoRatihDamayanti,TriSugiharto,Undirected,1
OdeTyas,UungA'ong,Undirected,1
EarlyFebriana,PurnawanAndra,Undirected,1
Sudi,OdeTyas,Undirected,1
PopokTriWahyudi,Black,Undirected,1
AriPunk,DyahArumRetnowati,Undirected,1
YudiTajudin,BaskoroBudhiDaramawan,Undirected,1
SamuelIndratma,TriSugiharto,Undirected,2
OdeTyas,DirmawanHatta,Undirected,1
SamuelIndratma,FozanSanta,Undirected,2
JoaquinAlvaresQuintera,Sudi,Undirected,1
GoethengIkuAhkin,FozanSanta,Undirected,1
AgungCiptadi,Kristiawan,Undirected,1
RiniTitiYuliati,ErythrinaBaskoro,Undirected,1
RetnoRatihDamayanti,JamaluddinLatif,Undirected,1
JamalElTripot,RiskySummerbee,Undirected,2
JohnBowen,DavidCampton,Undirected,2
VidaLM,DewiMauludiahSari,Undirected,1
DyahArumRetnowati,RukmanRosadiSSn.,Undirected,1
DirmawanHatta,EarlyFebriana,Undirected,1
RetnoRatihDamayanti,RukmanRosadiSSn.,Undirected,1
FozanSanta,AdiMarsono,Undirected,1
Sugiarto,Sudi,Undirected,1
TeguhEswe,JohnBowen,Undirected,1
Roselinawati,A.Y.Maharshi,Undirected,1
BambangTokoWitjaksono,Suryandi,Undirected,1
YudiTajudin,DirmawanHatta,Undirected,1
ApriliaYohana,UungA'ong,Undirected,1
Dhani,Roselinawati,Undirected,1
YudiTajudin,Juliandi,Undirected,1
PopokTriWahyudi,JamalElTripot,Undirected,1
GunawanMaryanto,RukmanRosadiSSn.,Undirected,1
MitaNoormasari,Baba,Undirected,1
Imron,Eko,Undirected,1
TriSugiharto,DewiMauludiahSari,Undirected,2
PopokTriWahyudi,DewiMauludiahSari,Undirected,1
Bungsu,UungA'ong,Undirected,1
RetnoRatihDamayanti,ErythrinaBaskoro,Undirected,2
YudiTajudin,MsFauzi,Undirected,1
MitaNoormasari,Sugiarto,Undirected,1
Ikrar,ErythrinaBaskoro,Undirected,1
RetnoRatihDamayanti,AgungCiptadi,Undirected,1
RetnoRatihDamayanti,FayM.Faizin,Undirected,1
Bungsu,RatnaMufida,Undirected,1
Imang,Kristiawan,Undirected,1
GunawanMaryanto,PuntoWibisono,Undirected,1
RukmanRosadiSSn.,IwanRS,Undirected,1
IwanRS,MsFauzi,Undirected,1
BahrulUlum,JamalElTripot,Undirected,1
Suhardani,AdiMarsono,Undirected,1
KartikaSanti,DewiMauludiahSari,Undirected,1
RetnoRatihDamayanti,Ikrar,Undirected,1
PurnawanAndra,AbrahamSukarnoPoespo,Undirected,1
GunawanMaryanto,AgungBungsu,Undirected,1
DirmawanHatta,HeddyPrasetyo,Undirected,1
OdeTyas,RatnaMufida,Undirected,1
BambangTokoWitjaksono,ErythrinaBaskoro,Undirected,1
RetnoRatihDamayanti,DavidCampton,Undirected,1
KusworoBayuAji,Baba,Undirected,1
YudiTajudin,TeguhEswe,Undirected,1
Suryandi,VidaLM,Undirected,1
Nanang,OdeTyas,Undirected,1
BernadetaVerryHandayani,TriYogaYudaAsmara,Undirected,1
NurulHadi,ErythrinaBaskoro,Undirected,1
SandiEkayuda,AbrahamSukarnoPoespo,Undirected,1
SandiEkayuda,DirmawanHatta,Undirected,1
Suryandi,GoethengIkuAhkin,Undirected,1
GunawanMaryanto,AndreNurLatif,Undirected,2
FirmanSitoempul,SriQadariatin,Undirected,1
Ikrar,Juliandi,Undirected,1
AlexanderAdhiKurniawan,Roselinawati,Undirected,1
NurlitaTutiPuspandria,Sugiarto,Undirected,1
KusworoBayuAji,RatnaMufida,Undirected,2
Kristiawan,Bambang,Undirected,1
NaomiSrikandi,LoubnaDzakiahHarabap,Undirected,1
RetnoRatihDamayanti,IwanRS,Undirected,1
Suhardani,TriSugiharto,Undirected,1
AriPunk,RukmanRosadiSSn.,Undirected,1
KusworoBayuAji,JamalElTriepot,Undirected,1
Juliandi,VidaLM,Undirected,1
AgungBungsu,ErythrinaBaskoro,Undirected,1
Black,DyahArumRetnowati,Undirected,1
Juliandi,FayM.Faizin,Undirected,1
PopokTriWahyudi,FirmanSitoempul,Undirected,1
AgungBungsu,SriQadariatin,Undirected,1
Bungsu,DirmawanHatta,Undirected,1
Juliandi,NaomiSrikandi,Undirected,1
NurlitaTutiPuspandria,RatnaMufida,Undirected,1
VidaLM,AriPunk,Undirected,1
Jamal,Sudi,Undirected,1
FirmanSitoempul,NaomiSrikandi,Undirected,1
JohnBowen,Jamal,Undirected,1
AYunanMaharshi,HeddyPrasetyo,Undirected,1
NaomiSrikandi,TriSugiharto,Undirected,1
OdeTyas,KusworoBayuAji,Undirected,1
JamesSaunders,SuyatnaAnirun,Undirected,1
VidaLM,SriQadariatin,Undirected,1
FayM.Faizin,KartikaSanti,Undirected,1
RetnoRatihDamayanti,GunturSuatmaji,Undirected,1
JamesSaunders,NurlitaTutiPuspandria,Undirected,1
AYunanMaharshi,KusworoBayuAji,Undirected,1
Nanang,UungA'ong,Undirected,1
GunawanMaryanto,RatnaMufida,Undirected,2
UungA'ong,JamalElTriepot,Undirected,1
Ninok,Bambang,Undirected,1
NaomiSrikandi,SriQadariatin,Undirected,1
EarlyFebriana,Roselinawati,Undirected,2
OdeTyas,JamalElTriepot,Undirected,1
JamalElTripot,LaurenBain,Undirected,1
JamaluddinLatif,Serafin,Undirected,1
BernadetaVerryHandayani,AdiMarsono,Undirected,1
AgungBungsu,DyahArumRetnowati,Undirected,1
DirmawanHatta,AndreNurLatif,Undirected,1
SandiEkayuda,PrimaHermawati,Undirected,1
DyahArumRetnowati,LoubnaDzakiahHarabap,Undirected,1
EarlyFebriana,LandungSimatupang,Undirected,1
BernadetaVerryHandayani,KusworoBayuAji,Undirected,3
Roselinawati,AbrahamSukarnoPoespo,Undirected,1
Dhani,Bambang,Undirected,1
Bungsu,AbrahamSukarnoPoespo,Undirected,1
ArieDyanto,Juliandi,Undirected,1
SamuelIndratma,Juliandi,Undirected,2
AdiMarsono,MsFauzi,Undirected,1
Eko,Sugiarto,Undirected,1
ApriliaYohana,NurulHadi,Undirected,1
Dhani,Eko,Undirected,1
YudiTajudin,Bungsu,Undirected,1
VidaLM,ErythrinaBaskoro,Undirected,1
SuyatnaAnirun,EarlyFebriana,Undirected,1
VidaLM,TriSugiharto,Undirected,1
NaomiSrikandi,FozanSanta,Undirected,1
AriPunk,TriSugiharto,Undirected,1
Juliandi,SriQadariatin,Undirected,1
KartikaSanti,SriQadariatin,Undirected,1
SamuelIndratma,Black,Undirected,2
NurlitaTutiPuspandria,DewiMauludiahSari,Undirected,1
EarlyFebriana,RatnaMufida,Undirected,1
JamesSaunders,A.Y.Maharshi,Undirected,1
ErythrinaBaskoro,JamaluddinLatif,Undirected,1
Black,SriQadariatin,Undirected,1
AlexanderAdhiKurniawan,JamalElTriepot,Undirected,1
YudiTajudin,Sudi,Undirected,2
RukmanRosadiSSn.,MsFauzi,Undirected,1
Sudi,NurulHadi,Undirected,2
Ikrar,SriQadariatin,Undirected,1
SapardiJokoDamono,Sudi,Undirected,1
Sudi,PrimaHermawati,Undirected,1
ArieDyanto,DyahArumRetnowati,Undirected,1
JohnBowen,LandungSimatupang,Undirected,1
JamalElTriepot,HeddyPrasetyo,Undirected,1
AdiMarsono,JoaquinAlvaresQuintero,Undirected,1
ErythrinaBaskoro,AgungSaptonoWibowo,Undirected,1
RetnoRatihDamayanti,PrimaHermawati,Undirected,1
Dhani,RatnaMufida,Undirected,1
RetnoRatihDamayanti,RiskySummerbee,Undirected,1
LoubnaDzakiahHarabap,TriSugiharto,Undirected,1
MitaNoormasari,Eko,Undirected,1
Bungsu,Sudi,Undirected,1
SriQadariatin,KusworoBayuAji,Undirected,2
RiniTitiYuliati,Sugeng,Undirected,1
GunawanMaryanto,KusworoBayuAji,Undirected,3
YudiTajudin,Dhani,Undirected,2
Lakonde,NaomiSrikandi,Undirected,1
FirmanSitoempul,KartikaSanti,Undirected,1
RetnoRatihDamayanti,Sugiarto,Undirected,1
NurlitaTutiPuspandria,JamaluddinLatif,Undirected,2
SriQadariatin,RatnaMufida,Undirected,1
GunawanMaryanto,JamaluddinLatif,Undirected,2
DavidCampton,JoaquinAlvaresQuintero,Undirected,1
Ninok,Sugeng,Undirected,1
KartikaSanti,IwanRS,Undirected,1
YudiTajudin,AYunanMaharshi,Undirected,1
OdeTyas,NurulHadi,Undirected,1
WiwinBudiyanti,Kristiawan,Undirected,1
RiniTitiYuliati,Sugiarto,Undirected,1
DyahArumRetnowati,AdiMarsono,Undirected,1
Kristiawan,Ninok,Undirected,1
DavidCampton,SapardiJokoDamono,Undirected,1
SamuelIndratma,DewiMauludiahSari,Undirected,2
SamuelIndratma,KartikaSanti,Undirected,2
Sudi,PurnawanAndra,Undirected,1
LandungSimatupang,WhaniDarmawan,Undirected,1
SuyatnaAnirun,LandungSimatupang,Undirected,1
Nanang,BaskoroBudhiDaramawan,Undirected,1
Bungsu,AYunanMaharshi,Undirected,1
NurlitaTutiPuspandria,Rosselinawati,Undirected,1
YudiTajudin,Roselinawati,Undirected,2
JamalElTripot,AdiMarsono,Undirected,1
TeguhEswe,Serafin,Undirected,1
JamaluddinLatif,KusworoBayuAji,Undirected,1
ErythrinaBaskoro,IwanRS,Undirected,1
BernadetaVerryHandayani,JamalElTripot,Undirected,2
YudiTajudin,UungA'ong,Undirected,1
Black,FozanSanta,Undirected,1
Lakonde,ErythrinaBaskoro,Undirected,1
LandungSimatupang,Sudi,Undirected,1
ErythrinaBaskoro,FayM.Faizin,Undirected,1
ErythrinaBaskoro,Eko,Undirected,1
RetnoRatihDamayanti,DewiMauludiahSari,Undirected,1
NurlitaTutiPuspandriaSyalala,RatnaMufida,Undirected,1
SapardiJokoDamono,KusworoBayuAji,Undirected,1
NurlitaTutiPuspandriaSyalala,AbrahamSukarnoPoespo,Undirected,1
RiskySummerbee,Suryandi,Undirected,1
GunturSuatmaji,Imang,Undirected,1
LandungSimatupang,Shinta,Undirected,1
SriQadariatin,EarlyFebriana,Undirected,1
RetnoRatihDamayanti,ArieDyanto,Undirected,1
Suryandi,DewiMauludiahSari,Undirected,1
SandiEkayuda,AYunanMaharshi,Undirected,1
Nanang,NurulHadi,Undirected,1
PuntoWibisono,ApriliaYohana,Undirected,1
Ikrar,Lakonde,Undirected,1
DavidCampton,Shinta,Undirected,1
NurlitaTutiPuspandria,Shinta,Undirected,1
Serafin,SuyatnaAnirun,Undirected,1
Suhardani,Suryandi,Undirected,1
ArieDyanto,RukmanRosadiSSn.,Undirected,1
AgungCiptadi,Eko,Undirected,1
SuyatnaAnirun,AndreNurLatif,Undirected,1
RiniTitiYuliati,MitaNoormasari,Undirected,1
SuyatnaAnirun,Sudi,Undirected,1
KusworoBayuAji,NurlitaTutiPuspandriaSyalala,Undirected,1
DavidCampton,NurulHadi,Undirected,1
RetnoRatihDamayanti,Imang,Undirected,1
GoethengIkuAhkin,DyahArumRetnowati,Undirected,1
AdiMarsono,SriQadariatin,Undirected,2
DyahArumRetnowati,FozanSanta,Undirected,1
NurlitaTutiPuspandria,AndreNurLatif,Undirected,1
Nanang,PuntoWibisono,Undirected,1
JamalElTripot,TriSugiharto,Undirected,1
OdeTyas,PuntoWibisono,Undirected,1
YudiTajudin,FirmanSitoempul,Undirected,1
GunawanMaryanto,A.Y.Maharshi,Undirected,1
GunawanMaryanto,Roselinawati,Undirected,2
Sugiarto,Roselinawati,Undirected,1
Sudi,A.Y.Maharshi,Undirected,1
RetnoRatihDamayanti,WiwinBudiyanti,Undirected,1
VidaLM,DyahArumRetnowati,Undirected,1
PrimaHermawati,RatnaMufida,Undirected,1
MitaNoormasari,Sugeng,Undirected,1
Ikrar,TriSugiharto,Undirected,1
ArieDyanto,IwanRS,Undirected,1
Roselinawati,KusworoBayuAji,Undirected,2
GepheBayuAji,JohnBowen,Undirected,1
Dhani,PuntoWibisono,Undirected,1
Serafin,EarlyFebriana,Undirected,1
JamalElTripot,Suryandi,Undirected,1
ErythrinaBaskoro,Sugeng,Undirected,1
NurlitaTutiPuspandria,YudiTajudin,Undirected,3
ErythrinaBaskoro,MitaNoormasari,Undirected,1
BahrulUlum,LaurenBain,Undirected,1
Nanang,AndreNurLatif,Undirected,1
PopokTriWahyudi,Lakonde,Undirected,1
EarlyFebriana,AbrahamSukarnoPoespo,Undirected,1
SuyatnaAnirun,Shinta,Undirected,1
SapardiJokoDamono,AndreNurLatif,Undirected,1
YudiTajudin,Lakonde,Undirected,1
Jamal,SriQadariatin,Undirected,1
JoaquinAlvaresQuintera,EarlyFebriana,Undirected,1
Kristiawan,Eko,Undirected,1
Imang,Dhani,Undirected,1
RatnaMufida,AgungSaptonoWibowo,Undirected,1
BernadetaVerryHandayani,PurnawanAndra,Undirected,1
TriYogaYudaAsmara,GunawanMaryanto,Undirected,1
TeguhEswe,NurlitaTutiPuspandria,Undirected,1
PurnawanAndra,ApriliaYohana,Undirected,1
RiskySummerbee,Black,Undirected,1
BambangTokoWitjaksono,DewiMauludiahSari,Undirected,1
YudiTajudin,GepheBayuAji,Undirected,1
GunawanMaryanto,Lakonde,Undirected,1
AlexanderAdhiKurniawan,PuntoWibisono,Undirected,1
AlexanderAdhiKurniawan,RatnaMufida,Undirected,1
GunawanMaryanto,RiskySummerbee,Undirected,2
PopokTriWahyudi,IwanRS,Undirected,1
Dhani,UungA'ong,Undirected,1
UungA'ong,AbrahamSukarnoPoespo,Undirected,1
RetnoRatihDamayanti,DirmawanHatta,Undirected,1
JamalElTripot,Sunaryo,Undirected,1
ErythrinaBaskoro,Dhani,Undirected,1
GunawanMaryanto,ApriliaYohana,Undirected,1
BernadetaVerryHandayani,Suryandi,Undirected,1
Roselinawati,RatnaMufida,Undirected,1
WindiKurniawan,SriQadariatin,Undirected,1
AgungCiptadi,Dhani,Undirected,1
PopokTriWahyudi,RukmanRosadiSSn.,Undirected,1
NurulHadi,A.Y.Maharshi,Undirected,1
RetnoRatihDamayanti,BernadetaVerryHandayani,Undirected,3
Dhani,Baba,Undirected,1
Serafin,DavidCampton,Undirected,2
KusworoBayuAji,HeruPielS.,Undirected,1
EarlyFebriana,Shinta,Undirected,1
SapardiJokoDamono,A.Y.Maharshi,Undirected,1
YudiTajudin,DewiMauludiahSari,Undirected,2
Jamal,GunawanMaryanto,Undirected,1
BernadetaVerryHandayani,Bambang,Undirected,1
Nanang,NurlitaTutiPuspandriaSyalala,Undirected,1
ApriliaYohana,PrimaHermawati,Undirected,1
YudiTajudin,SandiEkayuda,Undirected,1
KusworoBayuAji,Imron,Undirected,1
ErythrinaBaskoro,MsFauzi,Undirected,1
BaskoroBudhiDaramawan,AYunanMaharshi,Undirected,1
Sudi,Nanang,Undirected,1
BambangTokoWitjaksono,Black,Undirected,1
NurlitaTutiPuspandria,TriYogaYudaAsmara,Undirected,1
DavidCampton,Sudi,Undirected,1
BernadetaVerryHandayani,NaomiSrikandi,Undirected,1
RetnoRatihDamayanti,Roselinawati,Undirected,1
MitaNoormasari,AgungCiptadi,Undirected,1
AndreNurLatif,ApriliaYohana,Undirected,1
PopokTriWahyudi,DyahArumRetnowati,Undirected,1
BahrulUlum,RiskySummerbee,Undirected,1
JoaquinAlvaresQuintera,NurulHadi,Undirected,1
YudiTajudin,SamuelIndratma,Undirected,2
WiwinBudiyanti,Sugeng,Undirected,1
ApriliaYohana,HeddyPrasetyo,Undirected,1
Jamal,Sugiarto,Undirected,1
Bungsu,NurulHadi,Undirected,1
RiniTitiYuliati,Imang,Undirected,1
WindiKurniawan,AdiMarsono,Undirected,1
GunawanMaryanto,HeddyPrasetyo,Undirected,1
TeguhEswe,SriQadariatin,Undirected,1
Sugeng,HeruPielS.,Undirected,1
RetnoRatihDamayanti,AdiMarsono,Undirected,2
NurulHadi,Kristiawan,Undirected,1
JohnBowen,Sugiarto,Undirected,1
AYunanMaharshi,NurlitaTutiPuspandriaSyalala,Undirected,1
Imang,HeruPielS.,Undirected,1
Ikrar,IwanRS,Undirected,1
BernadetaVerryHandayani,Ninok,Undirected,1
RiskySummerbee,DewiMauludiahSari,Undirected,1
SamuelIndratma,AriPunk,Undirected,2
AgungSaptonoWibowo,GunawanMaryanto,Undirected,1
AgungBungsu,Lakonde,Undirected,1
ArieDyanto,BambangTokoWitjaksono,Undirected,1
Jamal,A.Y.Maharshi,Undirected,1
Lakonde,MsFauzi,Undirected,1
Suryandi,AriPunk,Undirected,1
RukmanRosadiSSn.,ErythrinaBaskoro,Undirected,1
Suhardani,GoethengIkuAhkin,Undirected,1
FozanSanta,MsFauzi,Undirected,1
MuhammadMarzuki,JompetKuswidananto,Undirected,1
DewiMauludiahSari,FedericoGarciaLorca,Undirected,1
Black,ErythrinaBaskoro,Undirected,1
UungA'ong,PrimaHermawati,Undirected,1
PurnawanAndra,PrimaHermawati,Undirected,1
SamuelIndratma,IwanRS,Undirected,2
WindiKurniawan,GoethengIkuAhkin,Undirected,1
JamalElTriepot,AbrahamSukarnoPoespo,Undirected,1
JoaquinAlvaresQuintera,AndreNurLatif,Undirected,1
JohnBowen,Sudi,Undirected,1
NurulHadi,Shinta,Undirected,1
BambangTokoWitjaksono,WindiKurniawan,Undirected,1
KusworoBayuAji,DewiMauludiahSari,Undirected,1
KusworoBayuAji,UungA'ong,Undirected,1
Baba,Bambang,Undirected,1
Bungsu,AndreNurLatif,Undirected,1
Roselinawati,PurnawanAndra,Undirected,1
LandungSimatupang,A.Y.Maharshi,Undirected,1
SamuelIndratma,Lakonde,Undirected,2
BernadetaVerryHandayani,JamalElTriepot,Undirected,1
MitaNoormasari,Dhani,Undirected,1
Dhani,EarlyFebriana,Undirected,1
GepheBayuAji,JoaquinAlvaresQuintero,Undirected,1
GunawanMaryanto,JompetKuswidananto,Undirected,1
Sudi,JamalElTriepot,Undirected,1
DirmawanHatta,GunawanMaryanto,Undirected,1
PopokTriWahyudi,VidaLM,Undirected,1
GunawanMaryanto,GoethengIkuAhkin,Undirected,1
AriPunk,SriQadariatin,Undirected,1
RetnoRatihDamayanti,FozanSanta,Undirected,1
NurlitaTutiPuspandria,AgungSaptonoWibowo,Undirected,1
ArieDyanto,VidaLM,Undirected,1
WhaniDarmawan,MuhammadMarzuki,Undirected,1
RiniTitiYuliati,AgungCiptadi,Undirected,1
WiwinBudiyanti,Ninok,Undirected,1
BaskoroBudhiDaramawan,RatnaMufida,Undirected,1
BambangTokoWitjaksono,GunawanMaryanto,Undirected,1
OdeTyas,PrimaHermawati,Undirected,1
SapardiJokoDamono,Roselinawati,Undirected,1
FirmanSitoempul,GoethengIkuAhkin,Undirected,1
Ikrar,Black,Undirected,1
SriQadariatin,Sugiarto,Undirected,1
FozanSanta,DewiMauludiahSari,Undirected,1
RukmanRosadiSSn.,NaomiSrikandi,Undirected,1
BambangTokoWitjaksono,GoethengIkuAhkin,Undirected,1
Lakonde,WindiKurniawan,Undirected,1
KusworoBayuAji,Eko,Undirected,1
FirmanSitoempul,ErythrinaBaskoro,Undirected,1
RiniTitiYuliati,Kristiawan,Undirected,1
WindiKurniawan,DewiMauludiahSari,Undirected,1
BaskoroBudhiDaramawan,PuntoWibisono,Undirected,1
GunawanMaryanto,BahrulUlum,Undirected,1
JoaquinAlvaresQuintera,Jamal,Undirected,1
PopokTriWahyudi,WindiKurniawan,Undirected,1
AlexanderAdhiKurniawan,NurlitaTutiPuspandriaSyalala,Undirected,1
Kristiawan,Imron,Undirected,1
PrimaHermawati,NurlitaTutiPuspandriaSyalala,Undirected,1
RetnoRatihDamayanti,BambangTokoWitjaksono,Undirected,1
RetnoRatihDamayanti,GepheBayuAji,Undirected,1
Bungsu,Roselinawati,Undirected,1
ArieDyanto,FayM.Faizin,Undirected,1
AgungBungsu,RiskySummerbee,Undirected,1
BambangTokoWitjaksono,VidaLM,Undirected,1
AriPunk,AdiMarsono,Undirected,1
DewiMauludiahSari,TriYogaYudaAsmara,Undirected,1
YudiTajudin,AgungBungsu,Undirected,1
BernadetaVerryHandayani,Ikrar,Undirected,1
YudiTajudin,FedericoGarciaLorca,Undirected,1
Black,RukmanRosadiSSn.,Undirected,1
RetnoRatihDamayanti,KusworoBayuAji,Undirected,2
PopokTriWahyudi,ArieDyanto,Undirected,1
PuntoWibisono,JamalElTriepot,Undirected,1
AgungBungsu,VidaLM,Undirected,1
Imang,Eko,Undirected,1
FayM.Faizin,FozanSanta,Undirected,1
Suhardani,RiskySummerbee,Undirected,1
JohnBowen,YudiTajudin,Undirected,2
JamesSaunders,Jamal,Undirected,1
RetnoRatihDamayanti,FirmanSitoempul,Undirected,1
AgungSaptonoWibowo,FedericoGarciaLorca,Undirected,1
OdeTyas,AYunanMaharshi,Undirected,1
JohnBowen,GunawanMaryanto,Undirected,2
NurulHadi,BernadetaVerryHandayani,Undirected,2
JamalElTripot,RukmanRosadiSSn.,Undirected,1
Ninok,Sugiarto,Undirected,1
Roselinawati,Shinta,Undirected,1
FayM.Faizin,DewiMauludiahSari,Undirected,1
PopokTriWahyudi,AriPunk,Undirected,1
DirmawanHatta,JamalElTriepot,Undirected,1
YudiTajudin,Bambang,Undirected,1
NurulHadi,Imang,Undirected,1
AgungBungsu,AriPunk,Undirected,1
Black,FayM.Faizin,Undirected,1
RetnoRatihDamayanti,SandiEkayuda,Undirected,1
YudiTajudin,MitaNoormasari,Undirected,1
Juliandi,AdiMarsono,Undirected,1
LandungSimatupang,ErythrinaBaskoro,Undirected,1
BambangTokoWitjaksono,RiskySummerbee,Undirected,1
RiskySummerbee,FozanSanta,Undirected,1
JamalElTripot,IwanRS,Undirected,1
SriQadariatin,AgungSaptonoWibowo,Undirected,1
Dhani,Imron,Undirected,1
Nanang,RatnaMufida,Undirected,1
GunawanMaryanto,DyahArumRetnowati,Undirected,1
YudiTajudin,JompetKuswidananto,Undirected,1
AYunanMaharshi,ApriliaYohana,Undirected,1
ErythrinaBaskoro,AdiMarsono,Undirected,1
SapardiJokoDamono,Jamal,Undirected,1
YudiTajudin,JamalElTripot,Undirected,2
WiwinBudiyanti,Eko,Undirected,1
YudiTajudin,Sugiarto,Undirected,2
PurnawanAndra,PuntoWibisono,Undirected,1
OdeTyas,AbrahamSukarnoPoespo,Undirected,1
AlexanderAdhiKurniawan,NurulHadi,Undirected,1
BernadetaVerryHandayani,Black,Undirected,1
Ikrar,GoethengIkuAhkin,Undirected,1
Dhani,Sugeng,Undirected,1
Serafin,JohnBowen,Undirected,2
GepheBayuAji,SriQadariatin,Undirected,1
JamalElTripot,WindiKurniawan,Undirected,1
BernadetaVerryHandayani,RukmanRosadiSSn.,Undirected,1
RiskySummerbee,LaurenBain,Undirected,1
PopokTriWahyudi,TriSugiharto,Undirected,1
GunawanMaryanto,FayM.Faizin,Undirected,1
Nanang,GunawanMaryanto,Undirected,1
Roselinawati,JamalElTriepot,Undirected,1
RiniTitiYuliati,Eko,Undirected,1
AlexanderAdhiKurniawan,HeddyPrasetyo,Undirected,1
SriQadariatin,AndreNurLatif,Undirected,1
KusworoBayuAji,Bambang,Undirected,1
RetnoRatihDamayanti,Bungsu,Undirected,1
SimonBeckett,WhaniDarmawan,Undirected,1
RetnoRatihDamayanti,NaomiSrikandi,Undirected,1
SamuelIndratma,GunawanMaryanto,Undirected,2
GunawanMaryanto,Juliandi,Undirected,1
BambangTokoWitjaksono,NaomiSrikandi,Undirected,1
Sudi,PuntoWibisono,Undirected,1
AgungBungsu,WindiKurniawan,Undirected,1
AgungCiptadi,Imron,Undirected,1
BernadetaVerryHandayani,Suhardani,Undirected,1
ArieDyanto,Suryandi,Undirected,1
Sudi,Shinta,Undirected,1
MuhammadMarzuki,GunawanMaryanto,Undirected,1
JamalElTriepot,PrimaHermawati,Undirected,1
BernadetaVerryHandayani,LoubnaDzakiahHarabap,Undirected,1
Ikrar,AriPunk,Undirected,1
Juliandi,DyahArumRetnowati,Undirected,1
SamuelIndratma,AgungBungsu,Undirected,2
SriQadariatin,MsFauzi,Undirected,1
JamaluddinLatif,TriYogaYudaAsmara,Undirected,1
GunawanMaryanto,BaskoroBudhiDaramawan,Undirected,1
DirmawanHatta,ApriliaYohana,Undirected,1
Sugeng,Sugiarto,Undirected,1
Nanang,Dhani,Undirected,1
JamesSaunders,Sugiarto,Undirected,1
Rosselinawati,Serafin,Undirected,1
Suryandi,IwanRS,Undirected,1
Ikrar,DyahArumRetnowati,Undirected,1
YudiTajudin,Ikrar,Undirected,1
Suhardani,DewiMauludiahSari,Undirected,1
Kristiawan,HeruPielS.,Undirected,1
ErythrinaBaskoro,LoubnaDzakiahHarabap,Undirected,1
LandungSimatupang,SimonBeckett,Undirected,1
Juliandi,FozanSanta,Undirected,1
SriQadariatin,Sudi,Undirected,1
YudiTajudin,GoethengIkuAhkin,Undirected,1
WiwinBudiyanti,ErythrinaBaskoro,Undirected,1
HeruPielS.,Sugiarto,Undirected,1
PopokTriWahyudi,FozanSanta,Undirected,1
NurlitaTutiPuspandria,JoaquinAlvaresQuintero,Undirected,1
RiskySummerbee,GoethengIkuAhkin,Undirected,1
FirmanSitoempul,AdiMarsono,Undirected,1
Roselinawati,PuntoWibisono,Undirected,1
SimonBeckett,GunawanMaryanto,Undirected,1
Jamal,LandungSimatupang,Undirected,1
FirmanSitoempul,MsFauzi,Undirected,1
SamuelIndratma,GoethengIkuAhkin,Undirected,2
Bungsu,EarlyFebriana,Undirected,1
YudiTajudin,AlexanderAdhiKurniawan,Undirected,1
BernadetaVerryHandayani,AgungSaptonoWibowo,Undirected,1
SamuelIndratma,SamuelIndratma,Undirected,1
Eko,HeruPielS.,Undirected,1
Sudi,RatnaMufida,Undirected,1
Lakonde,SriQadariatin,Undirected,1
BernadetaVerryHandayani,AlexanderAdhiKurniawan,Undirected,1
RetnoRatihDamayanti,SriQadariatin,Undirected,2
KusworoBayuAji,Sugiarto,Undirected,2
NaomiSrikandi,DewiMauludiahSari,Undirected,1
Serafin,Jamal,Undirected,1
RetnoRatihDamayanti,Suhardani,Undirected,1
JamesSaunders,SapardiJokoDamono,Undirected,1
ErythrinaBaskoro,SriQadariatin,Undirected,2
GunturSuatmaji,Ninok,Undirected,1
BernadetaVerryHandayani,Sugeng,Undirected,1
RetnoRatihDamayanti,JamalElTriepot,Undirected,1
EarlyFebriana,PrimaHermawati,Undirected,1
ApriliaYohana,RatnaMufida,Undirected,1
WhaniDarmawan,GunawanMaryanto,Undirected,1
SuyatnaAnirun,Jamal,Undirected,1
GunawanMaryanto,UungA'ong,Undirected,1
LoubnaDzakiahHarabap,AdiMarsono,Undirected,1
Black,GoethengIkuAhkin,Undirected,1
Roselinawati,ApriliaYohana,Undirected,1
GunawanMaryanto,IwanRS,Undirected,1
RetnoRatihDamayanti,WindiKurniawan,Undirected,1
NaomiSrikandi,MsFauzi,Undirected,1
DirmawanHatta,KusworoBayuAji,Undirected,1
